{"cameraMode":{"drawMode":0,"name":"Shaded","section":"Shading Mode"},"sceneLighting":false,"audioPlay":false,"sceneViewState":{"m_AlwaysRefresh":true,"showFog":true,"showSkybox":false,"showFlares":true,"showImageEffects":true,"showParticleSystems":true,"showVisualEffectGraphs":true,"m_FxEnabled":true},"in2DMode":false,"pivot":{"x":-0.1103208065032959,"y":1.9880874156951905,"z":-7.592825889587402},"rotation":{"x":0.00019084241648670286,"y":-0.9983189105987549,"z":0.05786589905619621,"w":0.003290503518655896},"size":8.610383987426758,"orthographic":false}