{"cameraMode":{"drawMode":0,"name":"Shaded","section":"Shading Mode"},"sceneLighting":false,"audioPlay":false,"sceneViewState":{"m_AlwaysRefresh":true,"showFog":true,"showSkybox":false,"showFlares":true,"showImageEffects":true,"showParticleSystems":true,"showVisualEffectGraphs":true,"m_FxEnabled":true},"in2DMode":false,"pivot":{"x":121.69999694824219,"y":67.0999984741211,"z":60.69212341308594},"rotation":{"x":-0.010501823388040066,"y":-0.9292542338371277,"z":0.36835598945617678,"w":-0.026512451469898225},"size":0.8660253882408142,"orthographic":false}